eps,n,s0,H0rd,M_B,chi2_total,delta_lcdm,delta_eps0
-1.6,1.1,0.9644698547348902,9551.83009733933,-19.033136517087758,10608.920945486432,8836.464945486432,8836.357280416203
-1.59,1.09,0.964305726750197,9512.720524456896,-19.033378379878613,10445.930783147069,8673.474783147069,8673.36711807684
-1.58,1.08,0.9641290613540834,9475.020312366483,-19.03372820243727,10284.431132623584,8511.975132623584,8511.867467553355
-1.57,1.07,0.9639400389182478,9438.684330871576,-19.03418206724648,10124.450098930298,8351.994098930298,8351.886433860069
-1.56,1.06,0.9637388259705523,9403.66890152339,-19.034736175911107,9966.013891149585,8193.557891149585,8193.450226079356
-1.55,1.05,0.9635255536803898,9369.933440964247,-19.035386917823,9809.146900876585,8036.690900876585,8036.583235806356
-1.54,1.04,0.9633003424105516,9337.438081621574,-19.036130778654073,9653.871776604858,7881.4157766048575,7881.308111534629
-1.53,1.03,0.9630632826072121,9306.14604157312,-19.036964426529774,9500.209494337198,7727.7534943371975,7727.645829266969
-1.52,1.02,0.9628144564987099,9276.020961748149,-19.037884573300275,9348.17942468296,7575.723424682959,7575.6157596127305
-1.51,1.01,0.9625539284813704,9247.028275986253,-19.038888042427516,9197.799396681252,7425.343396681252,7425.235731611023
-1.5,1.0,0.9622817382305346,9219.135451090331,-19.039971831727748,9049.08575857004,7276.6297585700395,7276.522093499811
-1.49,0.99,0.9619979178403417,9192.31087209544,-19.04113297522514,8902.053435703467,7129.5974357034665,7129.489770633238
-1.48,0.98,0.9617024849121301,9166.523968158943,-19.042368605695117,8756.715985803135,6984.259985803135,6984.152320732906
-1.47,0.97,0.9613954327524354,9141.746273404136,-19.04367603288367,8613.085651714799,6840.6296517147985,6840.52198664457
-1.46,0.96,0.9610767548190802,9117.949460521717,-19.04505254476111,8471.17341182805,6698.717411828049,6698.60974675782
-1.45,0.95,0.9607464184907996,9095.107504689946,-19.046495594025135,8330.98902830443,6558.5330283044295,6558.425363234201
-1.44,0.94,0.9604043913972079,9073.194032448962,-19.04800265136855,8192.541093248337,6420.085093248337,6419.977428178108
-1.43,0.9299999999999999,0.9600506203440174,9052.184654614592,-19.049571325108346,8055.837072944442,6283.381072944442,6283.273407874213
-1.42,0.9199999999999999,0.9596850389587912,9032.055957219458,-19.05119927043389,7920.883350276139,6148.427350276139,6148.31968520591
-1.41,0.9099999999999999,0.9593075768037849,9012.784696258337,-19.052884216033256,7787.6852654312925,6015.229265431292,6015.121600361063
-1.4,0.8999999999999999,0.9589181474123372,8994.349266272213,-19.054623953237556,7656.247154992715,5883.791154992715,5883.683489922486
-1.39,0.8899999999999999,0.9585166496612976,8976.7287776901,-19.056416395231878,7526.572389505,5754.1163895049995,5754.008724434771
-1.38,0.8799999999999999,0.9581029820082991,8959.902137107103,-19.05825940012305,7398.66340960108,5626.20740960108,5626.099744530851
-1.37,0.8700000000000001,0.957677019708707,8943.850595181419,-19.060151042010077,7272.521760767314,5500.065760767314,5499.958095697085
-1.36,0.8600000000000001,0.9572386364718243,8928.554856147703,-19.062089349334403,7148.1481268192065,5375.692126819206,5375.584461748977
-1.35,0.8500000000000001,0.9567876969470869,8913.9965320484,-19.064072400651312,7025.542362155411,5253.086362155411,5252.978697085182
-1.34,0.8400000000000001,0.9563240440277785,8900.158648386732,-19.06609841636216,6904.703522852617,5132.247522852617,5132.139857782388
-1.33,0.8300000000000001,0.9558475203345584,8887.023836633944,-19.068165585888046,6785.629896659677,5013.173896659677,5013.066231589448
-1.32,0.8200000000000001,0.955357953301177,8874.576019141656,-19.070272208770614,6668.3190319455125,4895.863031945512,4895.7553668752835
-1.31,0.81,0.954855165179522,8862.799121146982,-19.072416584285058,6552.767765651137,4780.311765651137,4780.204100580908
-1.3,0.8,0.9543389604160986,8851.678304907058,-19.07459712323338,6438.97225029351,4666.51625029351,4666.408585223281
-1.29,0.79,0.9538091412529621,8841.19844439945,-19.07681220690058,6326.927980065133,4554.471980065133,4554.364314994904
-1.28,0.78,0.9532654919221281,8831.345478097399,-19.079060308616043,6216.629816070883,4444.173816070883,4444.066151000654
-1.27,0.77,0.9527077929454822,8822.105523899889,-19.081339944236987,6108.072010740435,4335.616010740435,4335.508345670206
-1.26,0.76,0.9521358081561854,8813.46539755756,-19.08364964693194,6001.2482314530025,4228.792231453002,4228.6845663827735
-1.25,0.75,0.9515492950139524,8805.411986393045,-19.08598801956986,5896.151583407721,4123.695583407721,4123.587918337492
-1.24,0.74,0.9509479925035292,8797.933271064903,-19.08835370786783,5792.77463177202,4020.31863177202,4020.210966701791
-1.23,0.73,0.9503316405796546,8791.016785470909,-19.090745351333727,5691.109423137521,3918.653423137521,3918.545758067292
-1.22,0.72,0.9496999633336369,8784.650640209768,-19.093161646393924,5591.147506311912,3818.6915063119122,3818.5838412416833
-1.21,0.71,0.9490526627093457,8778.824032236487,-19.095601362545604,5492.879952472997,3720.4239524729965,3720.3162874027676
-1.2,0.7,0.9483894436462169,8773.525565634756,-19.098063240822686,5396.297374710042,3623.841374710042,3623.7337096398132
-1.19,0.69,0.94770999571132,8768.744441448842,-19.100546081893555,5301.3899469758435,3528.9339469758434,3528.8262819056145
-1.18,0.6799999999999999,0.9470139872570472,8764.470770625312,-19.103048761054655,5208.147422471682,3435.691422471682,3435.583757401453
-1.17,0.6699999999999999,0.9463010803984162,8760.69446002182,-19.105570128541366,5116.559151486367,3344.103151486367,3343.995486416138
-1.16,0.6599999999999999,0.9455709297860989,8757.40544595024,-19.10810906476813,5026.614098708879,3254.158098708879,3254.0504336386502
-1.15,0.6499999999999999,0.944823169563831,8754.594408469173,-19.110664508769577,4938.30086003384,3165.8448600338397,3165.737194963611
-1.14,0.6399999999999999,0.9440574226605349,8752.252083456175,-19.11323539894507,4851.607678877223,3079.1516788772233,3079.0440138069944
-1.13,0.6299999999999999,0.9432732980161466,8750.369665187216,-19.11582073779566,4766.5224620196395,2994.0664620196394,2993.9587969494105
-1.12,0.6200000000000001,0.9424703904690498,8748.938307010601,-19.11841952310961,4683.032794992899,2910.5767949928986,2910.4691299226697
-1.11,0.6100000000000001,0.941648277331839,8747.949712823727,-19.121030795482604,4601.125957025606,2828.669957025606,2828.562291955377
-1.1,0.6000000000000001,0.9408065249328499,8747.395697088345,-19.123653613723377,4520.78893556193,2748.33293556193,2748.225270491701
-1.09,0.5900000000000001,0.9399446884032998,8747.267876630973,-19.1262870200641,4442.008440367814,2669.5524403678137,2669.444775297585
-1.08,0.5800000000000001,0.9390622953400125,8747.558858269782,-19.12893015000029,4364.770917237781,2592.3149172377807,2592.207252167552
-1.07,0.5700000000000001,0.9381588613664568,8748.260899310902,-19.131582136292213,4289.062561314831,2516.606561314831,2516.4988962446023
-1.06,0.56,0.937233891100351,8749.366584093268,-19.134242113055905,4214.869330036149,2442.413330036149,2442.30566496592
-1.05,0.55,0.9362868701254202,8750.868451739982,-19.1369092158179,4142.176955715463,2369.720955715463,2369.613290645234
-1.04,0.54,0.9353172527447174,8752.759981876665,-19.139582698995653,4070.9709577740523,2298.514957774052,2298.4072927038233
-1.03,0.53,0.9343244939239171,8755.033815581846,-19.1422617011099,4001.23665463043,2228.78065463043,2228.672989560201
-1.02,0.52,0.9333080141926736,8757.683479407584,-19.14494549467838,3932.9591752594106,2160.5031752594105,2160.3955101891816
-1.01,0.51,0.9322672238205678,8760.702315911716,-19.147633295484717,3866.1234704303383,2093.6674704303387,2093.5598053601097
-1.0,0.5,0.9312015050126707,8764.084044326479,-19.1503243788383,3800.7143236339653,2028.2583236339653,2028.1506585637364
-0.99,0.49,0.9301102279031187,8767.8220251044,-19.153018020786547,3736.7163617073084,1964.2603617073084,1964.1526966370795
-0.98,0.48,0.9289927257557014,8771.910553262209,-19.155713513523693,3674.1140651651403,1901.6580651651404,1901.5504000949115
-0.97,0.47,0.9278483255969956,8776.34329330786,-19.158410155085388,3612.8917782468684,1840.4357782468685,1840.3281131766396
-0.96,0.45999999999999996,0.9266763188874945,8781.11451858694,-19.161107287442245,3553.0337186869783,1780.5777186869784,1780.4700536167495
-0.95,0.44999999999999996,0.9254759716411373,8786.21856244117,-19.16380424880083,3494.523987216964,1722.0679872169642,1721.9603221467353
-0.94,0.43999999999999995,0.924246537640913,8791.649421718526,-19.166500376058536,3437.346576806677,1664.8905768066772,1664.7829117364483
-0.93,0.43000000000000005,0.922987224235549,8797.401893108452,-19.16919507546709,3381.485381652182,1609.0293816521819,1608.921716581953
-0.92,0.42000000000000004,0.9216972296177075,8803.470184216965,-19.171887692462136,3326.9242059179896,1554.4682059179897,1554.3605408477608
-0.91,0.41000000000000003,0.9203757149064337,8809.849060512188,-19.17457762319407,3273.6467722398893,1501.1907722398894,1501.0831071696605
-0.9,0.4,0.9190218097175217,8816.533210194268,-19.177264300796583,3221.6367299958924,1449.1807299958925,1449.0730649256636
-0.89,0.39,0.9176346208751883,8823.517298482297,-19.179947097139745,3170.8776633514003,1398.4216633514004,1398.3139982811715
-0.88,0.38,0.9162132037252098,8830.796612769162,-19.18262550811302,3121.3530990852796,1348.8970990852797,1348.7894340150508
-0.87,0.37,0.9147566049474083,8838.365610878736,-19.18529892738752,3073.0465142027842,1300.5905142027843,1300.4828491325554
-0.86,0.36,0.9132638148534147,8846.219765314981,-19.187966843283863,3025.9413433416053,1253.4853433416054,1253.3776782713765
-0.85,0.35,0.9117338117554349,8854.353628693942,-19.1906286657509,2980.0209859765773,1207.5649859765774,1207.4573209063485
-0.84,0.33999999999999997,0.9101655090925538,8862.762683792593,-19.193283919392627,2935.2688134290047,1162.8128134290048,1162.705148358776
-0.83,0.32999999999999996,0.9085578018022594,8871.441941861689,-19.195932064287106,2891.668175685802,1119.212175685802,1119.1045106155732
-0.82,0.31999999999999995,0.9069095232359654,8880.386906303263,-19.198572619227917,2849.2024080339606,1076.7464080339607,1076.6387429637318
-0.81,0.31000000000000005,0.9052194857129183,8889.592656105267,-19.20120506803125,2807.8548375152905,1035.3988375152906,1035.2911724450616
-0.8,0.30000000000000004,0.9034864471282219,8899.054528468941,-19.20382891771181,2767.6087892066944,995.1527892066945,995.0451241364656
-0.79,0.29000000000000004,0.9017091148701446,8908.7679291985,-19.206443690977125,2728.4475923304394,955.9915923304395,955.8839272602106
-0.78,0.28,0.8998861521691848,8918.728271210326,-19.209048943995505,2690.3545861994044,917.8985861994045,917.7909211291756
-0.77,0.27,0.8980161762293597,8928.93086432212,-19.211644184965245,2653.3131260016016,880.8571260016017,880.7494609313728
-0.76,0.26,0.8960977385441856,8939.371339553929,-19.214228967057856,2617.306588428364,844.8505884283643,844.7429233581354
-0.75,0.25,0.8941293536438565,8950.044874667892,-19.21680284702038,2582.318377150476,809.862377150476,809.7547120802471
-0.74,0.24,0.8921094543765404,8960.947237098122,-19.219365382806608,2548.331928146149,775.8759281461491,775.7682630759202
-0.73,0.22999999999999998,0.8900364300702615,8972.073952877934,-19.221916156684134,2515.3307148848266,742.8747148848267,742.7670498145978
-0.72,0.21999999999999997,0.8879086022453744,8983.420394471768,-19.224454733906764,2483.298253370486,710.8422533704859,710.734588300257
-0.71,0.20999999999999996,0.8857242248188659,8994.982173447826,-19.22698070580141,2452.218107048066,679.7621070480661,679.6544419778372
-0.7,0.19999999999999996,0.883481490179843,9006.754646960317,-19.22949364415686,2422.0738915763945,649.6178915763946,649.5102265061657
-0.69,0.18999999999999995,0.8811784971792033,9018.733576500912,-19.23199316443387,2392.8492794708936,620.3932794708937,620.2856144006648
-0.68,0.18000000000000005,0.8788132911438431,9030.914323493773,-19.23447885935471,2364.5280046192806,592.0720046192807,591.9643395490518
-0.67,0.17000000000000004,0.8763838189845921,9043.29262400909,-19.236950352716587,2337.09386667302,564.63786667302,564.5302016027911
-0.66,0.16000000000000003,0.873887957408493,9055.863675929912,-19.239407238336536,2310.530735317628,538.0747353176282,537.9670702473993
-0.65,0.15000000000000002,0.8713234799804351,9068.623397784428,-19.241849172109564,2284.8225544242455,512.3665544242456,512.2588893540167
-0.64,0.14,0.8686880784561676,9081.566995613535,-19.244275762930823,2259.9533460851653,487.4973460851654,487.3896810149365
-0.63,0.13,0.8659793421106594,9094.68998257002,-19.246686637477886,2235.9072145355635,463.4512145355636,463.3435494653347
-0.62,0.12,0.8631947523263266,9107.98791726747,-19.24908145808836,2212.668349963822,440.21234996382213,440.10468489359323
-0.61,0.10999999999999999,0.8603316955440703,9121.456071044257,-19.251459850543945,2190.22103221232,417.7650322123202,417.6573671420913
-0.6,0.09999999999999998,0.8573874076970588,9135.090250812984,-19.253821490528157,2168.5496343708355,396.0936343708356,395.9859693006067
-0.59,0.08999999999999997,0.8543590606971114,9148.885276228191,-19.256166016664874,2147.638626264146,375.18262626414594,375.07496119391703
-0.58,0.07999999999999996,0.8512436328821493,9162.837023168593,-19.25849312054211,2127.472577835719,355.0165778357193,354.9089127654904
-0.57,0.06999999999999995,0.84803801064099,9176.940688930012,-19.26080244920017,2108.0361624287907,335.5801624287908,335.4724973585619
-0.56,0.06000000000000005,0.8447389218606113,9191.191571422376,-19.26309369596095,2089.3141599664077,316.8581599664078,316.7504948961789
-0.55,0.050000000000000044,0.8413429437829216,9205.58491764995,-19.26536652924586,2071.2914600315135,298.83546003151355,298.72779496128464
-0.54,0.040000000000000036,0.8378464868006228,9220.116043707418,-19.267620655426786,2053.953064848473,281.497064848473,281.38939977824407
-0.53,0.030000000000000027,0.8342457941346171,9234.78012833705,-19.269855758635053,2037.2840921667266,264.8280921667267,264.7204270964978
-0.52,0.020000000000000018,0.8305369318099014,9249.572262054517,-19.272071535083608,2021.269778047824,248.81377804782414,248.70611297759524
-0.51,0.010000000000000009,0.8267157509590879,9264.487788384347,-19.27426770373684,2005.8954795563736,233.43947955637373,233.33181448614482
-0.5,0.0,0.8227779125286866,9279.521660508351,-19.276443976302094,1991.1466773557413,218.6906773557414,218.5830122855125
-0.49,-0.010000000000000009,0.8187188420491683,9294.669159306015,-19.27860008109498,1977.008978209095,204.55297820909504,204.44531313886614
-0.48,-0.020000000000000018,0.8145337564724142,9309.925054453473,-19.280735717535563,1963.468117386279,191.012117386279,190.90445231605008
-0.47,-0.030000000000000027,0.8102175795953386,9325.28455117326,-19.282850635290373,1950.5099609769727,178.0539609769728,177.9462959067439
-0.46,-0.03999999999999998,0.8057649985069628,9340.742430292377,-19.284944580965984,1938.1205081105313,165.66450811053141,165.5568430403025
-0.45,-0.04999999999999999,0.8011703857170562,9356.293807137023,-19.287017286039024,1926.2858930827767,153.82989308277683,153.72222801254793
-0.44,-0.06,0.796427815615305,9371.93340456023,-19.28906850660283,1914.9923873900323,142.53638739003236,142.42872231980346
-0.43,-0.07,0.7915310166592306,9387.65617897897,-19.291098000965217,1904.2264016706135,131.77040167061364,131.66273660038473
-0.42,-0.08000000000000002,0.7864733588839591,9403.456843094047,-19.2931055302903,1893.97448755393,121.51848755393007,121.41082248370117
-0.41,-0.09000000000000002,0.7812478226919498,9419.330158247616,-19.295090877943508,1884.2233394173988,111.76733941739894,111.65967434717004
-0.4,-0.09999999999999998,0.7758469558700553,9435.270957826664,-19.29705381287417,1874.9597960512979,102.50379605129797,102.39613098106906
-0.39,-0.10999999999999999,0.7702628691785733,9451.273728320022,-19.29899411154962,1866.1708422317179,93.71484223171797,93.60717716148906
-0.38,-0.12,0.7644871325078535,9467.333342478478,-19.30091158721169,1857.8436102017727,85.38761020177276,85.27994513154385
-0.37,-0.13,0.7585108050521506,9483.444314590404,-19.30280602508626,1849.9653810612465,77.50938106124659,77.40171599101768
-0.36,-0.14,0.7523243474209187,9499.601184450636,-19.304677238523194,1842.523586064926,70.06758606492599,69.95992099469709
-0.35,-0.15000000000000002,0.7459175453209357,9515.798677245068,-19.30652504780438,1835.5058078298114,63.04980782981147,62.942142759582566
-0.34,-0.15999999999999998,0.7392795186267076,9532.03105065008,-19.30834926117048,1828.8997814516224,56.4437814516225,56.336116381393595
-0.33,-0.16999999999999998,0.7323985516651585,9548.29302668851,-19.310149716461844,1822.693395530849,50.2373955308492,50.129730460620294
-0.32,-0.18,0.7252620931964249,9564.578961209038,-19.311926250204248,1816.8746931089684,44.418693108968455,44.31102803873955
-0.31,-0.19,0.7178566336435229,9580.883231853571,-19.313678705371682,1811.4318725152236,38.97587251522373,38.86820744499482
-0.3,-0.2,0.71016758787951,9597.200322056698,-19.315406933523782,1806.353288124717,33.89728812471708,33.789623054488175
-0.29,-0.21000000000000002,0.7021791825598368,9613.524680200873,-19.317110804158347,1801.6274510285068,29.171451028506908,29.063785958278004
-0.28,-0.21999999999999997,0.6938743361292462,9629.850519467187,-19.318790172730765,1797.2430296166144,24.787029616614518,24.679364546385614
-0.27,-0.22999999999999998,0.685234452007303,9646.172348087759,-19.32044492708681,1793.1888500749299,20.732850074929956,20.625185004701052
-0.26,-0.24,0.6762392897091075,9662.48430026448,-19.32207494112428,1789.4538967970998,16.997896797099884,16.89023172687098
-0.25,-0.25,0.6668666589835028,9678.780839176974,-19.323680115639707,1786.027312712754,13.571312712754207,13.463647642525302
-0.24,-0.26,0.6570922339955086,9695.056202378993,-19.32526034517424,1782.8983995333886,10.442399533388652,10.334734463159748
-0.23,-0.27,0.6468891767678531,9711.304686047431,-19.326815544787912,1780.0566179175503,7.60061791755038,7.492952847321476
-0.22,-0.28,0.6362278114642285,9727.520552508828,-19.328345621918547,1777.4915875569875,5.035587556987593,4.927922486758689
-0.21,-0.29000000000000004,0.6250750903012425,9743.698204074595,-19.329850516184596,1775.1930871857069,2.7370871857069687,2.6294221154780644
-0.2,-0.3,0.6133941335223947,9759.831696845551,-19.331330148198372,1773.1510545139545,0.6950545139545738,0.5873894437256695
-0.19,-0.31,0.6011434727613864,9775.9154562469,-19.332784459269785,1771.3555860893557,-1.1004139106441926,-1.208078980873097
-0.18,-0.32,0.5882761628369046,9791.94373057523,-19.334213404198945,1769.7969370875949,-2.659062912405034,-2.766727982633938
-0.17,-0.32999999999999996,0.5747388019241966,9807.910737384866,-19.33561693727865,1768.4655210352007,-3.9904789647991947,-4.098144035028099
-0.16,-0.33999999999999997,0.560470041514205,9823.810799824472,-19.336995023836945,1767.3519094671574,-5.10409053284252,-5.211755603071424
-0.15,-0.35,0.5453988566669948,9839.63818974437,-19.33834764371603,1766.4468315222525,-6.00916847774738,-6.1168335479762845
-0.14,-0.36,0.5294421203667263,9855.387340919657,-19.339674774095155,1765.7411734791938,-6.7148265208061275,-6.822491591035032
-0.13,-0.37,0.5125015890121225,9871.052237695796,-19.340976395441434,1765.2259782367335,-7.23002176326645,-7.337686833495354
-0.12,-0.38,0.4944592181628154,9886.62759803609,-19.342252523133713,1764.8924447412032,-7.563555258796669,-7.671220329025573
-0.118,-0.382,0.4907064175625447,9889.731451156002,-19.342504691837018,1764.8467739083605,-7.609226091639357,-7.716891161868261
-0.116,-0.384,0.48690264460406685,9892.83134415592,-19.342755833907514,1764.80795480419,-7.6480451958098,-7.7557102660387045
-0.114,-0.386,0.48304651339798,9895.927344090243,-19.34300595306325,1764.7759192552446,-7.680080744755287,-7.787745814984191
-0.112,-0.388,0.4791365931464433,9899.019442548382,-19.343255062270643,1764.7505993352574,-7.705400664742456,-7.81306573497136
-0.11,-0.39,0.4751714201254139,9902.107556435287,-19.343503149239613,1764.7319273649098,-7.724072635090124,-7.8317377053190285
-0.108,-0.392,0.471149454496414,9905.191620167952,-19.343750215556067,1764.7198359116073,-7.73616408839257,-7.843829158621475
-0.106,-0.394,0.4670690928548173,9908.271515675558,-19.34399625993199,1764.7142577892464,-7.7417422107535,-7.849407280982405
-0.104,-0.396,0.4629285507188995,9911.347404628063,-19.34424128750719,1764.7151260579767,-7.7408739420232,-7.848539012252104
-0.102,-0.398,0.45872612697714504,9914.419062659923,-19.344485298785084,1764.7223740239713,-7.733625976028634,-7.841291046257538
-0.1,-0.4,0.45445988578792995,9917.486504705548,-19.344728286134224,1764.7359352391811,-7.7200647608187865,-7.827729831047691
-0.098,-0.402,0.4501278669966227,9920.549661501234,-19.344970258744663,1764.755743501098,-7.700256498901808,-7.807921569130713
-0.096,-0.404,0.4457279886381628,9923.608494413122,-19.345211210663418,1764.7817328525055,-7.674267147494447,-7.781932217723352
-0.094,-0.406,0.44125801781818147,9926.662966600787,-19.345451143785663,1764.8138375812373,-7.642162418762609,-7.749827488991514
-0.092,-0.40800000000000003,0.4367156232754146,9929.7131161818,-19.345690060564614,1764.8519922199346,-7.604007780065331,-7.711672850294235
-0.09,-0.41000000000000003,0.4320983525033101,9932.758833196298,-19.34592796314112,1764.896131545783,-7.559868454216939,-7.667533524445844
-0.088,-0.41200000000000003,0.4274036323346565,9935.79998583504,-19.34616484278217,1764.9461905802739,-7.509809419726025,-7.61747448995493
-0.086,-0.41400000000000003,0.42262864257686217,9938.836612976402,-19.346400705479898,1765.0021045889441,-7.4538954110557825,-7.561560481284687
-0.084,-0.416,0.4177704467209426,9941.8687014944,-19.34663555179672,1765.063809081117,-7.392190918882989,-7.499855989111893
-0.082,-0.418,0.4128259290779932,9944.896120149042,-19.346869384064806,1765.1312398096604,-7.324760190339475,-7.43242526056838
-0.08,-0.42,0.40779173093903764,9947.918933867391,-19.34710219770911,1765.2043327707042,-7.251667229295663,-7.359332299524567
-0.078,-0.422,0.40266430707614126,9950.936981706946,-19.34733399471336,1765.2830242033972,-7.172975796602714,-7.280640866831618
-0.076,-0.424,0.39743983446382575,9953.950312164034,-19.34756477842924,1765.3672505896393,-7.088749410360606,-7.19641448058951
-0.074,-0.426,0.3921142051167525,9956.958834456207,-19.3477945428081,1765.4569486538169,-6.999051346183023,-7.106716416411928
-0.072,-0.428,0.38668302677997146,9959.962545194237,-19.348023292919002,1765.55205536254,-6.903944637459972,-7.011609707688876
-0.07,-0.43,0.381141579496436,9962.96132757828,-19.348251033575746,1765.6525079243659,-6.80349207563404,-6.911157145862944
-0.068,-0.432,0.3754847643037879,9965.95517767079,-19.34847775115528,1765.7582437895385,-6.697756210461421,-6.805421280690325
-0.066,-0.434,0.3697070473720348,9968.944013795523,-19.34870345897802,1765.8692006497217,-6.58679935027817,-6.6944644205070745
-0.064,-0.436,0.36380238441467105,9971.927905335227,-19.348928156627004,1765.9853164377203,-6.470683562279646,-6.5783486325085505
-0.062,-0.438,0.3577642964631205,9974.906717534614,-19.349151834538272,1766.106529327201,-6.349470672798816,-6.45713574302772
-0.06,-0.44,0.3515856500921661,9977.880426439651,-19.34937450342601,1766.2327777324454,-6.223222267554547,-6.330887337783452
-0.058,-0.442,0.345258653332766,9980.848926898163,-19.349596156452304,1766.3640003080434,-6.0919996919565165,-6.199664762185421
-0.056,-0.444,0.33877467676758444,9983.812284955009,-19.34981680153664,1766.5001359486353,-5.955864051364642,-6.063529121593547
-0.054,-0.446,0.33212435446173805,9986.770337717553,-19.350036426150194,1766.641123788625,-5.814876211374894,-5.922541281603799
-0.052,-0.448,0.3252970749801385,9989.72315835848,-19.35025505138064,1766.7869032019114,-5.669096798088503,-5.776761868317408
-0.05,-0.45,0.31828123522913204,9992.670678227074,-19.3504726624104,1766.9374138016085,-5.518586198391404,-5.626251268620308
-0.048,-0.452,0.3110638148607383,9995.61279128194,-19.350689256515604,1767.0925954397546,-5.363404560245272,-5.471069630474176
-0.046,-0.454,0.3036300522604355,9998.549516761268,-19.350904851773983,1767.25238820704,-5.203611792959919,-5.311276863188823
-0.044,-0.456,0.29596337196020306,10001.480793692768,-19.35111943136824,1767.416732432526,-5.039267567473871,-5.1469326377027755
-0.042,-0.458,0.288044895190269,10004.406503322385,-19.351333005086342,1767.5855686833565,-4.870431316643362,-4.9780963868722665
-0.04,-0.46,0.2798528565677999,10007.326654095214,-19.351545562682507,1767.7588377644922,-4.697162235507676,-4.8048273057365805
-0.038,-0.462,0.27136211657450593,10010.241288921286,-19.3517571200865,1767.9364807183963,-4.519519281603607,-4.627184351832511
-0.036,-0.464,0.26254325370501397,10013.150340593478,-19.351967671122605,1768.1184388247825,-4.337561175217388,-4.4452262454462925
-0.034,-0.46599999999999997,0.25336179391253066,10016.053602976892,-19.35217721070971,1768.3046536003053,-4.151346399694603,-4.259011469923507
-0.032,-0.46799999999999997,0.2437763009254374,10018.9511807304,-19.35238574490635,1768.4950667983023,-3.9609332016975713,-4.068598271926476
-0.03,-0.47,0.23373659335518737,10021.843011752093,-19.35259327880686,1768.689620408473,-3.7663795915268565,-3.874044661755761
-0.028,-0.472,0.2231809472478949,10024.729040928642,-19.352799802553665,1768.8882566566367,-3.5677433433631904,-3.675408413592095
-0.026,-0.474,0.2120318146026892,10027.609265933694,-19.353005323814433,1769.0909180044052,-3.3650819955946645,-3.472747065823569
-0.024,-0.476,0.20018973957553005,10030.483499106758,-19.35320984133274,1769.2975471489244,-3.158452851075481,-3.266117921304385
-0.022,-0.478,0.18752272376428647,10033.351858133545,-19.353413355404957,1769.5080870225772,-2.947912977422675,-3.0555780476515793
-0.02,-0.48,0.17385005250566626,10036.21421334977,-19.353615862995124,1769.7224807927062,-2.733519207293739,-2.8411842775226432
-0.018,-0.482,0.15891162562432623,10039.070581554057,-19.35381737331559,1769.940671861311,-2.515328138688801,-2.6229932089177055
-0.016,-0.484,0.1423087680136215,10041.92086507399,-19.35401788329133,1770.1626038647833,-2.2933961352166534,-2.401061205445558
-0.014,-0.486,0.12337031939920313,10044.765098878052,-19.354217394321502,1770.3882206736062,-2.0677793263937474,-2.1754443966226518
-0.012,-0.488,0.10078724451687995,10047.603138243005,-19.354415900008913,1770.617466392076,-1.838533607923864,-1.9461986781527685
-0.01,-0.49,0.07116929008532194,10050.434980257558,-19.35461341206516,1770.8502853580094,-1.6057146419905166,-1.713379712219421
-0.008,-0.492,0.0010000030139351742,10053.146515341692,-19.354805411832213,1771.086626362547,-1.369373637453009,-1.4770387076819134
-0.006,-0.494,0.0010000001602744899,10046.200498093673,-19.35461545111927,1771.3581019328851,-1.0978980671147838,-1.2055631373436881
-0.004,-0.496,0.0010000000464483805,10039.264051847429,-19.354425426950638,1771.6948476192442,-0.761152380755675,-0.8688174509845794
-0.002,-0.498,0.0010000000091547297,10032.337219344205,-19.35423533604531,1772.0967424207959,-0.35925757920404067,-0.46692264943294504
0.0,-0.5,0.0010000000054335026,10025.419894704733,-19.354045178183238,1772.5636650702288,0.10766507022890437,0.0
0.002,-0.502,0.0010000000115785333,10018.512085965325,-19.353854958776463,1773.0954940381146,0.6394940381146625,0.5318289678857582
0.004,-0.504,0.0010000000032539783,10011.613829811107,-19.353664674654052,1773.6921075372568,1.2361075372568848,1.1284424670279805
0.006,-0.506,0.0010000000071819395,10004.725084143469,-19.353474322706045,1774.3533835270343,1.8973835270344352,1.7897184568055309
0.008,-0.508,0.001000000001646757,9997.845750643468,-19.353283911878048,1775.0791997176775,2.6231997176776076,2.5155346474487033
0.01,-0.51,0.0010000000172693787,9990.975992801981,-19.353093431766094,1775.8694335745333,3.4134335745334283,3.305768504304524
0.012,-0.512,0.0010000000042813032,9984.115687180514,-19.352902888437338,1776.7239623223725,4.2679623223725685,4.160297252143664
0.014,-0.514,0.0010000000010908733,9977.26474018914,-19.35271227863687,1777.642662949525,5.186662949525044,5.078997879296139
0.016,-0.516,0.0010000000002515284,9970.423249048203,-19.35252160773261,1778.625412212168,6.169412212168027,6.061747141939122
0.018,-0.518,0.0010000000062820667,9963.59114303832,-19.35233087280083,1779.6720866384508,7.216086638450861,7.1084215682219565
0.02,-0.52,0.0010000000000560253,9956.76843806043,-19.35214007041969,1780.7825625326554,8.326562532655544,8.21889746242664
0.022,-0.522,0.001000000005229105,9949.955152276256,-19.351949204806285,1781.956715979324,9.500715979324013,9.393050909095109
0.024,-0.524,0.001000000000613497,9943.151180423505,-19.351758274739357,1783.194422847374,10.738422847374068,10.630757777145163
0.026,-0.526,0.001000000007413581,9936.356571123768,-19.35156728405249,1784.4955587941583,12.039558794158438,11.931893723929534
0.028,-0.528,0.001000000010233699,9929.571262385081,-19.351376226541984,1785.859999269523,13.403999269523183,13.296334199294279
0.03,-0.53,0.0010000000005491176,9922.795316260108,-19.351185103590847,1787.2876195198403,14.831619519840388,14.723954449611483
0.032,-0.532,0.0010000000010322214,9916.028605377123,-19.350993919491838,1788.778294592013,16.322294592013122,16.214629521784218
0.034,-0.534,0.0010000000009259926,9909.271222996857,-19.350802668355154,1790.331899337446,17.87589933744607,17.768234267217167
0.036,-0.536,0.0010000000042057749,9902.523072872884,-19.35061135673055,1791.9483084160117,19.492308416011838,19.384643345782933
0.038,-0.538,0.0010000000048817537,9895.784206710268,-19.350419978624952,1793.627396299961,21.17139629996109,21.063731229732184
0.04,-0.54,0.0010000000006253594,9889.054528701457,-19.35022853858049,1795.3690372778597,22.913037277859758,22.805372207630853
0.042,-0.542,0.0010000000037827834,9882.334097275874,-19.350037033610743,1797.1731054584518,24.717105458451897,24.609440388222993
0.044,-0.544,0.0010000000011411818,9875.622846245027,-19.34984546548773,1799.039474774512,26.58347477451207,26.475809704283165
0.046,-0.546,0.0010000000014239493,9868.920821921285,-19.349653834530567,1800.9680189866842,28.512018986684325,28.40435391645542
0.048,-0.548,0.0010000000000409638,9862.227935836427,-19.349462137709505,1802.9586116873038,30.502611687303897,30.394946617074993
0.05,-0.55,0.0010000000002078117,9855.544166464773,-19.34927037848811,1805.0111263041665,32.555126304166606,32.4474612339377
0.052,-0.552,0.0010000000007840321,9848.869621450207,-19.34907856231416,1807.1254361042943,34.66943610429439,34.56177103406549
0.054,-0.554,0.0010000000004755493,9842.20413308639,-19.34888667440752,1809.3014141976614,36.84541419766151,36.73774912743261
0.056,-0.556,0.0010000000013229149,9835.547740319513,-19.3486947214958,1811.5389335409393,39.08293354093939,38.97526847071049
0.058,-0.558,0.0010000000009572968,9828.900493927636,-19.348502710277213,1813.837866941142,41.38186694114211,41.2742018709132
0.06,-0.56,0.0010000000047423645,9822.262270327776,-19.34831063763431,1816.1980870593165,43.742087059316646,43.63442198908774
0.062,-0.562,0.001000000000568799,9815.633131879162,-19.348118494882154,1818.619466414175,46.16346641417499,46.05580134394609
0.064,-0.5640000000000001,0.0010000000006703176,9809.013044760111,-19.347926295210666,1821.1018773857263,48.64587738572641,48.5382123154975
0.066,-0.5660000000000001,0.001000000001577294,9802.401940495512,-19.34773402791063,1823.645192218842,51.18919221884221,51.081527148613304
0.068,-0.5680000000000001,0.0010000000003178335,9795.7998625888,-19.347541697980326,1826.249283026845,53.793283026845074,53.68561795661617
0.07,-0.5700000000000001,0.001000000000698114,9789.206786535497,-19.34734930896236,1828.9140217950394,56.458021795039485,56.35035672481058
0.072,-0.572,0.0010000000023411447,9782.622702067929,-19.347156855802137,1831.6392803842589,59.18328038425898,59.075615314030074
0.074,-0.574,0.0010000000026960752,9776.047582098348,-19.346964339795843,1834.4249305343326,61.968930534332685,61.86126546410378
0.076,-0.576,0.0010000000000831345,9769.481401501367,-19.34677175930913,1837.270843867577,64.81484386757711,64.7071787973482
0.078,-0.578,0.0010000000004432887,9762.92415509334,-19.346579117095114,1840.1768918922353,67.72089189223539,67.61322682200648
0.08,-0.58,0.0010000000007148228,9756.375794786396,-19.34638641216142,1843.1429460059123,70.68694600591243,70.57928093568353
0.082,-0.582,0.001000000001256085,9749.836361546164,-19.34619364548882,1846.1688774989914,73.71287749899147,73.60521242876257
0.084,-0.584,0.0010000000010482735,9743.305820999474,-19.34600081501193,1849.254557557976,76.79855755797621,76.6908924877473
0.086,-0.586,0.001000000000698983,9736.784139839645,-19.34580792210839,1852.3998572688777,79.94385726887776,79.83619219864886
0.088,-0.588,0.0010000000008478865,9730.271290498273,-19.345614967821486,1855.6046476205502,83.14864762055026,83.04098255032136
0.09,-0.59,0.0010000000001424995,9723.767310465351,-19.345421952052615,1858.86879950797,86.41279950797002,86.30513443774112
0.092,-0.592,0.001000000000385532,9717.272147769389,-19.345228870005595,1862.192183735566,89.7361837355661,89.6285186653372
0.094,-0.594,0.0010000000012688579,9710.785781386889,-19.34503572368008,1865.5746710204435,93.11867102044357,93.01100595021467
0.096,-0.596,0.0010000000002486102,9704.308200814441,-19.344842524341995,1869.0161319956412,96.56013199564131,96.45246692541241
0.098,-0.598,0.0010000000021635625,9697.839409019141,-19.344649258104564,1872.516437213366,100.06043721336619,99.95277214313728
0.1,-0.6,0.0010000000011880642,9691.379329469099,-19.344455930965676,1876.0754571481448,103.61945714814487,103.51179207791597
0.102,-0.602,0.0010000000010916223,9684.928025908994,-19.34426253948197,1879.693062200042,107.23706220004215,107.12939712981324
0.104,-0.604,0.0010000000007715892,9678.485499382885,-19.344069084349368,1883.3691226977794,110.9131226977795,110.8054576275506
0.106,-0.606,0.0010000000009439665,9672.051625004451,-19.3438755674736,1887.1035089018706,114.64750890187065,114.53984383164175
0.108,-0.608,0.0010000000011429547,9665.626472555941,-19.34368199159348,1890.8960910077333,118.44009100773337,118.33242593750447
0.11,-0.61,0.0010000000004445982,9659.209983621684,-19.343488349469066,1894.7467391487596,122.29073914875971,122.18307407853081
0.112,-0.612,0.00100000000034244,9652.802171559477,-19.343294653700962,1898.6553233993611,126.19932339936122,126.09165832913231
0.114,-0.614,0.0010000000004046158,9646.402991688019,-19.343100887499798,1902.6217137780332,130.16571377803325,130.05804870780435
0.116,-0.616,0.001000000003193858,9640.012468026565,-19.34290706862131,1906.645780250375,134.18978025037518,134.08211518014627
0.118,-0.618,0.0010000000003606733,9633.63054800071,-19.34271318014964,1910.7273927320127,138.27139273201283,138.16372766178392
0.12,-0.62,0.0010000000007538692,9627.257216529099,-19.342519233251746,1914.8664210916781,142.41042109167824,142.30275602144934
0.13,-0.63,0.0010000000003390396,9595.519148741245,-19.341548572061495,1936.4182435470807,163.9622435470808,163.85457847685188
0.14,-0.64,0.001000000000248513,9563.993775157242,-19.340576384935925,1959.3859213520927,186.92992135209283,186.82225628186393
0.15,-0.65,0.0010000000013883233,9532.679184019362,-19.339602664386643,1983.753152544804,211.29715254480402,211.18948747457512
0.16,-0.66,0.001000000000327413,9501.573499173974,-19.33862742872675,2009.503626959502,237.04762695950217,236.93996188927326
0.17,-0.67,0.001000000001239927,9470.674744454125,-19.33765067861574,2036.621034489035,264.1650344890352,264.0573694188063
0.18,-0.6799999999999999,0.0010000000004717912,9439.981071825063,-19.336672422658847,2065.089073020628,292.633073020628,292.5254079503991
0.19,-0.69,0.001000000000121872,9409.490543065216,-19.335692670118785,2094.8914560513836,322.43545605138365,322.32779098115475
0.2,-0.7,0.001000000000253405,9379.201316140457,-19.334711426236733,2126.011919990123,353.5559199901229,353.448254919894
0.21,-0.71,0.001000000000181319,9349.111413752667,-19.333728701018913,2158.4342311520622,385.97823115206234,385.87056608183343
0.22,-0.72,0.0010000000002364294,9319.219188271436,-19.332744481962575,2192.1421924531824,419.68619245318246,419.57852738295355
0.23,-0.73,0.0010000000001962463,9289.522630277517,-19.331758805537955,2227.1196498111826,454.6636498111827,454.5559847409538
0.24,-0.74,0.0010000000000588323,9260.019929180631,-19.330771662228056,2263.3504982596523,490.89449825965244,490.78683318942353
0.25,-0.75,0.0010000000005141254,9230.709277063528,-19.32978305706899,2300.8186877827297,528.3626877827298,528.2550227125009
0.26,-0.76,0.0010000000003812222,9201.588882981254,-19.328793003362886,2339.508228877038,567.0522288770383,566.9445638068094
0.27,-0.77,0.001000000000206536,9172.657020162362,-19.327801502133592,2379.4031978479,606.9471978479003,606.8395327776714
0.28,-0.78,0.0010000000003498404,9143.911722237468,-19.32680856913969,2420.4877418469528,648.0317418469529,647.924076776724
0.29,-0.79,0.0010000000005457766,9115.351407450173,-19.32581419771557,2462.7460836580444,690.2900836580445,690.1824185878156
0.3,-0.8,0.0010000000002591946,9086.974283550888,-19.32481840742528,2506.162526238307,733.7065262383069,733.598861168078
0.31,-0.81,0.0010000000004189665,9058.778555340356,-19.323821197967316,2550.7214570216547,778.2654570216548,778.1577919514259
0.32,-0.8200000000000001,0.0010000000001118476,9030.762556595757,-19.32282257206455,2596.407351991107,823.9513519911072,823.8436869208783
0.33,-0.8300000000000001,0.0010000000002820782,9002.924588411071,-19.32182254590955,2643.2047795273124,870.7487795273125,870.6411144570836
0.34,-0.8400000000000001,0.0010000000007383204,8975.262925735133,-19.320821118160676,2691.0984040395556,918.6424040395557,918.5347389693268
0.35,-0.85,0.0010000000002053301,8947.775952851147,-19.319818305156527,2740.0729893862012,967.6169893862013,967.5093243159724
0.36,-0.86,0.0010000000003196354,8920.461959113693,-19.318814107407416,2790.1134020912796,1017.6574020912797,1017.5497370210508
0.37,-0.87,0.0010000000001163783,8893.319324526263,-19.31780853017774,2841.2046143633843,1068.7486143633844,1068.6409492931555
0.38,-0.88,0.001000000000293087,8866.346437693328,-19.31680158218317,2893.331706923718,1120.8757069237179,1120.768041853489
0.39,-0.89,0.001000000000238688,8839.541664523862,-19.315793268134694,2946.4798716493615,1174.0238716493616,1173.9162065791327
0.4,-0.9,0.0010000000002500758,8812.903417960191,-19.314783601869376,3000.6344140380615,1228.1784140380616,1228.0707489678327
0.41,-0.9099999999999999,0.0010000000003373688,8786.430078877103,-19.31377258398204,3055.780755500784,1283.324755500784,1283.2170904305551
0.42,-0.9199999999999999,0.0010000000002426052,8760.120175078144,-19.312760221139083,3111.904435487856,1339.4484354878562,1339.3407704176273
0.43,-0.9299999999999999,0.0010000000002338334,8733.972111364688,-19.31174651744045,3168.9911134547096,1396.5351134547097,1396.4274483844808
0.44,-0.94,0.0010000000000645521,8707.984336703112,-19.310731485535225,3227.0265706730543,1454.5705706730544,1454.4629056028255
0.45,-0.95,0.0010000000000477238,8682.155361591042,-19.309715135563813,3285.996711893009,1513.540711893009,1513.4330468227802
0.46,-0.96,0.0010000000004770184,8656.483711431158,-19.308697460002175,3345.8875668618084,1573.4315668618085,1573.3239017915796
0.47,-0.97,0.00100000000021442,8630.967818792866,-19.307678479516888,3406.6852917045767,1634.2292917045768,1634.1216266343479
0.48,-0.98,0.0010000000003490264,8605.606281288005,-19.306658185955353,3468.3761701722688,1695.9201701722689,1695.81250510204
0.49,-0.99,0.0010000000001935056,8580.397616351132,-19.30563660154225,3530.9466147622343,1758.4906147622344,1758.3829496920055
0.5,-1.0,0.0010000000002323979,8555.340442310935,-19.3046137217768,3594.3831677160256,1821.9271677160257,1821.8195026457968
0.51,-1.01,0.001000000000163105,8530.43327582762,-19.30358956793594,3658.6725018998795,1886.2165018998796,1886.1088368296507
0.52,-1.02,0.0010000000000665492,8505.674768739224,-19.302564124583395,3723.8014215722083,1951.3454215722084,1951.2377565019794
0.53,-1.03,0.0010000000000696938,8481.06346675125,-19.30153742049576,3789.756863043024,2017.3008630430243,2017.1931979727954
0.54,-1.04,0.0010000000003998308,8456.598020663007,-19.30050944420554,3856.525895229788,2084.069895229788,2083.962230159559
0.55,-1.05,0.0010000000001813424,8432.277066634193,-19.299480210945898,3924.0957201139904,2151.6397201139907,2151.532055043762
0.56,-1.06,0.001000000000121162,8408.099254766492,-19.298449728263122,3992.4536731029393,2219.997673102939,2219.8900080327103
0.57,-1.0699999999999998,0.0010000000001485132,8384.063292223631,-19.29741800186849,4061.587223300628,2289.1312233006283,2289.0235582303994
0.58,-1.08,0.001000000000127759,8360.167877433534,-19.296385042558352,4131.483973692142,2359.027973692142,2358.920308621913
0.59,-1.0899999999999999,0.0010000000001432502,8336.41161379934,-19.295350840653636,4202.13166124515,2429.67566124515,2429.567996174921
0.6,-1.1,0.001000000000049557,8312.793251518671,-19.29431541639448,4273.518156932388,2501.0621569323876,2500.9544918621586
0.61,-1.1099999999999999,0.00100000000009188,8289.31157424745,-19.293278771881983,4345.63146567898,2573.17546567898,2573.067800608751
0.62,-1.12,0.001000000000110515,8265.965294143978,-19.29224091994298,4418.459726238015,2646.0037262380147,2645.896061167786
0.63,-1.13,0.0010000000002363335,8242.753159137132,-19.291201866236147,4491.991210997826,2719.5352109978257,2719.427545927597
0.64,-1.1400000000000001,0.0010000000002066201,8219.673932939611,-19.29016160452829,4566.2143257243615,2793.7583257243614,2793.6506606541325
0.65,-1.15,0.0010000000004955715,8196.726424126406,-19.28912015446733,4641.117609241976,2868.6616092419763,2868.5539441717474
0.66,-1.1600000000000001,0.0010000000000328557,8173.909471753557,-19.28807752097867,4716.689733055563,2944.233733055563,2944.126067985334
0.67,-1.17,0.0010000000007488034,8151.221760083734,-19.287033701845726,4792.919500917263,3020.4635009172625,3020.3558358470336
0.68,-1.1800000000000002,0.0010000000001340146,8128.66228096237,-19.28598870823151,4869.795848340535,3097.3398483405344,3097.2321832703055
0.69,-1.19,0.0010000000001408335,8106.229725814832,-19.284942551653042,4947.307842064441,3174.8518420644405,3174.7441769942116
0.7,-1.2,0.001000000000113879,8083.9230029900045,-19.283895233822843,5025.444679470855,3252.9886794708545,3252.8810144006256
0.71,-1.21,0.0010000000001592483,8061.7410909960345,-19.282846765471245,5104.195687957307,3331.739687957307,3331.632022887078
0.72,-1.22,0.0010000000001418596,8039.682661323022,-19.28179714497548,5183.550324267784,3411.094324267784,3410.986659197555
0.73,-1.23,0.0010000000000157231,8017.74675109998,-19.28074638457358,5263.498173784314,3491.0421737843135,3490.9345087140846
0.74,-1.24,0.001,8000.0,-19.27969449116993,5344.062015609211,3571.6060156092108,3571.498350538982
0.75,-1.25,0.001,8000.0,-19.278641467113168,5426.457979644207,3654.0019796442066,3653.8943145739777
0.76,-1.26,0.001,8000.0,-19.277587320213904,5511.271403687598,3738.8154036875976,3738.7077386173687
0.77,-1.27,0.001,8000.0,-19.276532056386383,5598.458582994897,3826.0025829948972,3825.8949179246683
0.78,-1.28,0.001,8000.0,-19.27547568550413,5687.976497756523,3915.5204977565227,3915.4128326862938
0.79,-1.29,0.001,8000.0,-19.27441820768387,5779.782802989466,4007.326802989466,4007.2191379192373
0.8,-1.3,0.001,8000.0,-19.27335963483696,5873.835818541193,4101.379818541192,4101.2721534709635
0.81,-1.31,0.001,8000.0,-19.272299971360553,5970.094519207253,4197.638519207253,4197.530854137024
0.82,-1.3199999999999998,0.0010000000001693127,8000.000053473917,-19.271239223030562,6068.518561238048,4296.062561238048,4295.954896167819
0.83,-1.33,0.001,8000.0,-19.270177396010975,6169.068091311631,4396.612091311631,4396.504426241402
0.84,-1.3399999999999999,0.001,8000.0,-19.26911449732786,6271.704099745604,4499.248099745604,4499.140434675375
0.85,-1.35,0.001,8000.0,-19.268050532580315,6376.388048327355,4603.932048327355,4603.824383257126
0.86,-1.3599999999999999,0.001,8000.0,-19.26698550720533,6483.0820423843625,4710.626042384362,4710.518377314133
0.87,-1.37,0.001,8000.0,-19.265919423273434,6591.748785322005,4819.292785322004,4819.1851202517755
0.88,-1.38,0.001,8000.0,-19.26485230248746,6702.351569552855,4929.895569552855,4929.787904482626
0.89,-1.3900000000000001,0.001,8000.0,-19.263784136885423,6814.854267543278,5042.398267543278,5042.290602473049
0.9,-1.4,0.001,8000.0,-19.262714933841938,6929.221322976375,5156.765322976375,5156.657657906146
0.91,-1.4100000000000001,0.001,8000.0,-19.26164470275265,7045.417742031774,5272.961742031774,5272.854076961545
0.92,-1.42,0.001,8000.0,-19.260573450322504,7163.40908478149,5390.953084781489,5390.845419711261
0.93,-1.4300000000000002,0.001,8000.0,-19.25950118041514,7283.161456701762,5510.705456701762,5510.597791631533
0.94,-1.44,0.001,8000.0,-19.25842789862534,7404.641500300155,5632.185500300155,5632.077835229926
0.95,-1.45,0.001,8000.0,-19.25735361322064,7527.8163868577185,5755.360386857718,5755.2527217874895
0.96,-1.46,0.001,8000.0,-19.256278330458372,7652.653808285271,5880.197808285271,5880.090143215042
0.97,-1.47,0.001,8000.0,-19.255202053675706,7779.121969093473,6006.665969093473,6006.558304023244
0.98,-1.48,0.001,8000.0,-19.254124791017176,7907.189578475599,6134.733578475599,6134.62591340537
0.99,-1.49,0.001,8000.0,-19.253046546284036,8036.825842502498,6264.369842502498,6264.262177432269
1.0,-1.5,0.001,8000.0,-19.251967328303248,8168.000456429334,6395.544456429334,6395.436791359105
1.01,-1.51,0.001,8000.0,-19.250887141339458,8300.683597111805,6528.227597111805,6528.119932041576
1.02,-1.52,0.001,8000.0,-19.249805994859756,8434.845915533087,6662.389915533087,6662.282250462858
1.03,-1.53,0.001,8000.0,-19.248723890048304,8570.458529438682,6798.002529438681,6797.8948643684525
1.04,-1.54,0.001,8000.0,-19.24764083293506,8707.49301607864,6935.037016078641,6934.929351008412
1.05,-1.55,0.001,8000.0,-19.246556830167606,8845.921405057668,7073.465405057668,7073.357739987439
1.06,-1.56,0.001,8000.0,-19.245471892486886,8985.716171289563,7213.260171289563,7213.152506219334
1.07,-1.57,0.001,8000.0,-19.244386020107637,9126.850228056797,7354.394228056797,7354.286562986568
1.08,-1.58,0.0010000000010967091,8000.0,-19.243299219238224,9269.296920173578,7496.840920173578,7496.733255103349
1.09,-1.59,0.001,8000.0,-19.242211499242043,9413.03001725124,7640.57401725124,7640.466352181011
1.1,-1.6,0.001,8000.0,-19.241122861507037,9558.023707064825,7785.567707064825,7785.460041994596
