z,delta,f,fsigma8
0.0,0.772149644645358,0.5269747265964824,0.4268495285431507
0.017465951510222233,0.7650661562301666,0.5375352944137807,0.43140931573763736
0.03523696248260211,0.7579089344750002,0.5481120404832152,0.4357826264891228
0.05331836107091292,0.7506811223000929,0.5586956552804129,0.43996115311999984
0.07171556849020533,0.743386004892481,0.5692760389719707,0.44393647399044533
0.09043410064220558,0.736027002883288,0.5798429583244296,0.44770060175727455
0.1094795697691151,0.7286076642642741,0.5903860887498165,0.4512460298572195
0.12885768613628468,0.7211316583268659,0.6008950489376825,0.4545657714950887
0.14857425974428273,0.7136027644063861,0.6113594511817424,0.45765340426181994
0.16863520207086702,0.7060248622181475,0.621768946347483,0.46050310785454335
0.1890465278433755,0.6984019222821317,0.6321132667584821,0.46310969663608315
0.20981435684208605,0.6907379954917657,0.6423822699715372,0.465468648605987
0.2309449157350607,0.6830372019922134,0.6525659829835004,0.46757613040542734
0.252444539945045,0.6753037195335935,0.662654646325534,0.4694290179783202
0.27431967554896786,0.6675417714645404,0.6726387574025497,0.47102491251100886
0.2965768812106284,0.6597556145315183,0.6825091123263589,0.4723621512728563
0.3192228301471285,0.651949526649309,0.6922568453699687,0.4734398129800923
0.34226431212965647,0.6441277948080825,0.7018734650370341,0.4742577173052614
0.36570823551921605,0.6362947031576028,0.7113508866586082,0.47481641877195013
0.38956162933790583,0.6284545204409233,0.7206814655054381,0.4751171973307725
0.4138316453763873,0.6206114883967752,0.7298580232734094,0.47516204222766156
0.43852556033814905,0.6127698103744745,0.738873871996842,0.47495363174078387
0.4636507780212318,0.6049336400002763,0.7477228347242287,0.4744953085179864
0.4892148315380498,0.5971070703892872,0.7563992620657491,0.4737910506655116
0.5152253855739972,0.5892941239282454,0.7648980447014286,0.47284543906843796
0.5416902386854905,0.5814987426515209,0.7732146219348761,0.47166362141595236
0.5686173256381541,0.5737247792326817,0.7813449863861571,0.4702512734045602
0.5960147197858463,0.565975988613975,0.7892856849313088,0.4686145575923353
0.6238906354912268,0.5582560202960724,0.7970338160157648,0.46676008037731925
0.6522534305886207,0.5505684114000338,0.804587023168091,0.46469484746001294
0.6811116088898799,0.5429165803737581,0.8119434858549369,0.46242621870227746
0.7104738227340239,0.5353038214043364,0.8191019075311062,0.45996186264142847
0.740348875581401,0.5277333001149007,0.8260614983240657,0.45730971003036647
0.7707457246531755,0.5202080494132566,0.8328219577851979,0.45447790882197514
0.8016734836169013,0.5127309661737374,0.8393834552915674,0.45147477996683827
0.833141425319009,0.5053048087280002,0.8457466082217209,0.4483087742918702
0.8651589845650105,0.4979321951029948,0.8519124582419966,0.4449884307800368
0.8977357609482783,0.4906156019443188,0.8578824461175757,0.44152233657133655
0.9308815217282158,0.4833573640631931,0.8636583855486739,0.43791908900522425
0.964606204758705,0.476159674545274,0.8692424366273004,0.4341872600246447
0.9989199214677043,0.4690245853925015,0.8746370792348027,0.430335363105418
1.0338329598888767,0.4619540087881595,0.8798450856966786,0.42637182246690636
1.0693557877461877,0.45494971877040064,0.8848694940888894,0.42230494506282795
1.10549905559236,0.4480133534357642,0.8897135804951063,0.41814289460976606
1.1422736000021572,0.44114641748061306,0.8943808329446943,0.4138936687634633
1.1796904468214242,0.4343502850998165,0.898874925997021,0.4095650788646207
1.2177608144729017,0.42762620320721606,0.90319969598711,0.40516473215152615
1.2564961173197564,0.4209752949362982,0.9073591170595107,0.40070001637453456
1.2959079690878683,0.41439856337948533,0.911357278143285,0.3961780867474126
1.3360081863478919,0.407896895524466,0.9151983610478271,0.3916058551705677
1.3768087920581267,0.4014710663459821,0.9188866198868489,0.3869899816611791
1.4183220191692838,0.39512174293274943,0.9224263619495887,0.3823368678006819
1.4605603142921972,0.3888494889142966,0.9258219294959081,0.3776526521140061
1.5035363414296046,0.38265476906787976,0.9290776830235308,0.372943207387589
1.5472629857730933,0.37653795322510575,0.932197985711784,0.3682141388258674
1.59175335756639,0.370499320801967,0.935187189238038,0.3634707842954081
1.6370207960361003,0.3645390652902095,0.9380496207730191,0.35871821583067154
1.6830788733911173,0.35865729866930396,0.9407895711421923,0.353961242252776
1.7299413988918682,0.35285405573495776,0.9434112841488068,0.3492044127957189
1.777622422990662,0.3471292983400938,0.9459189470423468,0.34445202163451033
1.8261362415443232,0.3414829195442353,0.9483166821022764,0.33970811320967836
1.8754974001004179,0.33591474766722373,0.9506085392910599,0.33497648824260096
1.9257206982583446,0.3304245502432043,0.9527984899123073,0.3302607103361212
1.9768211941065785,0.3250120378708121,0.9548904211894592,0.32556411305490296
2.028814208737446,0.3196768679554877,0.9568881316575452,0.32088980737998213
2.081715330840727,0.3144186483398588,0.9587953272350863,0.31624068943197314
2.1355404213775024,0.309236940818117,0.9606156178150449,0.31161944835738364
2.1903056183356235,0.3041312644606685,0.9623525149778591,0.30702857445586607
2.2460273415682632,0.29910109876603697,0.964009430453338,0.3024703673877811
2.3027222977169504,0.2941458868234884,0.9655896741652845,0.2979469442452113
2.3604074852206045,0.2892650382147163,0.9670964542560077,0.2934602479422168
2.4191001994120587,0.2844579318311408,0.9685328767120174,0.289012055310429
2.478818037703581,0.2797239185537014,0.969901945384525,0.28460398508548773
2.5395789048629984,0.27506232379835,0.9712065624011981,0.28023750576564915
2.6014010183819414,0.2704724499310949,0.9724495289497479,0.27591394332201824
2.6643029139378687,0.2659535785564289,0.9736335464050724,0.27163448873985546
2.728303450951474,0.2615049726829881,0.9747612177619769,0.26740020537041076
2.7934218182411867,0.2571258787702768,0.975835049324979,0.2632120360727338
2.8596775397764063,0.25281552866030554,0.9768574525952517,0.2590708101249156
2.9270904805312385,0.24857314139797873,0.9778307462823886,0.25497724988421083
2.9956808524404526,0.2443979249440755,0.9787571583552783,0.2509319771754928
3.0654692204595015,0.24028907778597966,0.9796388280587862,0.24693551939561725
3.1364765087303486,0.23624579045810778,0.9804778085016913,0.24298831549942276
3.2087240068550065,0.2322672469012909,0.9812760685452467,0.23909072147097135
3.282233376278648,0.22835262583838817,0.9820354956027242,0.2352430158718896
3.3570266567841864,0.22450110201341264,0.9827578982498065,0.2314454050281256
3.4331262731003243,0.220711847332305,0.9834450086044436,0.2276980278943165
3.510555041624987,0.21698403193003138,0.9840984847402107,0.22400096069191888
3.589336177266202,0.2133168251665914,0.9847199131248309,0.22035422132518948
3.6694933004024426,0.20970939655452853,0.9853108110737195,0.21675777357910836
3.751050443964579,0.2061609166205297,0.9858726292065173,0.2132115311033299
3.8340320606414844,0.20267055770370748,0.986406753892637,0.20971536118625647
3.918463030211509,0.1992374946931512,0.9869145096697988,0.20626908832332022
4.004368667002009,0.19586090570733883,0.9873971616174099,0.20287249758356457
4.091774727479141,0.19253997271799905,0.9878559176644289,0.19952533777861511
4.180707417970267,0.1892738821210112,0.9882919308090469,0.19622732443812743
4.271193402521185,0.18606182525982173,0.9887063012525128,0.19297814260414667
4.363259810890629,0.18290299892045,0.9891000786322726,0.18977744950576578
4.4569342466843676,0.17979660573540185,0.9894742638021585,0.1866248769465634
4.552244795631428,0.1767418546172127,0.9898298111656867,0.18352003373070946
4.649220034004811,0.17373796111939577,0.9901676306411342,0.1804625078450313
4.747889037189315,0.17078414775628034,0.9904885894972899,0.17745186848440492
4.848281388399007,0.16787964429360297,0.9907935141503064,0.1744876679549469
4.95042718754692,0.16502368801100165,0.9910831919172974,0.17156944345953953
5.054357060269723,0.16221552393756294,0.991358372722472,0.16869671877021986
5.160102167109965,0.15945440506157543,0.9916197707518257,0.1658690057919692
5.267694212858729,0.1567395925156378,0.9918680660527004,0.16308580602243236
5.37716545606142,0.15407035573827474,0.9921039060749006,0.16034661191210164
5.488548718689653,0.15144597261320936,0.9923279071505112,0.15765090812949578
5.601877395982002,0.14886572958744526,0.9925406559101184,0.15499817273586972
5.717185466456662,0.14632892176930756,0.9927427106337745,0.1523878782739852
5.8345075020989645,0.1438348530113292,0.9929346025676743,0.14981949278417572
5.953878678726875,0.14138283598381127,0.9931168371843354,0.14729248075325538
6.075334786537487,0.1389721922009566,0.9932898951259524,0.14480630392168484
6.19891224083774,0.13660225208582907,0.9934542336604778,0.14236042216517164
6.324648092962565,0.13427235499333426,0.9936102877643885,0.13995429423457698
6.4525800413836905,0.13198184921901107,0.9937584711326168,0.13758737843294308
6.582746443012549,0.12973009199871782,0.9938991771594425,0.1352591332437219
6.715186324700516,0.12751644949961552,0.9940327798880766,0.13296901791229898
6.849939394940073,0.1253402968028486,0.9941596349269581,0.13071649298290408
6.987046055770279,0.12320101787832541,0.9942800803311465,0.12850102079300132
7.126547414890275,0.12109800555199804,0.9943944374476011,0.12632206592724995
7.26848529798427,0.11903066146604517,0.9945030117236171,0.12417909563313013
7.41290226126185,0.11699839603235744,0.9946060934782202,0.12207158020032492
7.559841604217297,0.11500062837972745,0.9947039586369348,0.11999899330595061
7.709347382611739,0.11303678629514594,0.9947968694310283,0.11796081232772915
7.861464421682117,0.11110630615960425,0.9948850750630844,0.11595651862719278
8.016238329580776,0.10920863287880624,0.994968812341627,0.11398559780501584
8.173715511049851,0.10734321982101178,0.9950483065118566,0.11204753996806309
8.333943181334421,0.10550952874142916,0.9951237717688197,0.11014183992796564
8.49696938033878,0.10370702965232603,0.9951954107289944,0.10826799721492351
8.66284298702984,0.10193520079570537,0.9952634160414885,0.10642551642483508
8.831613734092205,0.10019352855770244,0.9953279708841373,0.1046139073623468
9.003332222839095,0.09848150737793958,0.9953892493748484,0.10283268515718323
9.178049938383847,0.09679863965796126,0.9954474169759204,0.10108137036756788
9.35581926507628,0.09514443566882934,0.9955026308900305,0.09935948907126574
9.536693502208728,0.09351841345795517,0.9955550404466548,0.09766657294477721
9.72072687999639,0.0919200987552472,0.9956047874777573,0.09600215933121332
9.907974575836743,0.09034902487865257,0.9956520066816797,0.09436579129738312
10.098492730853044,0.08880473263916944,0.9956968259742747,0.09275701768062168
10.292338466726678,0.08728677024540996,0.9957393668264553,0.09117539312589099
10.489569902823554,0.08579469320779057,0.9957797445874882,0.08962047811368201
10.69024617361958,0.0843280642424287,0.9958180687935267,0.0880918389792492
10.894427446430582,0.08288645317482271,0.9958544434610832,0.08658904792370636
11.102174939451794,0.08146943684339482,0.9958889673653594,0.08511168301751522
11.313550940112487,0.08007659900297373,0.9959217343036074,0.08365932819689605
11.528618823751154,0.07870753022829576,0.995952833343972,0.0822315732536904
11.74744307261685,0.07736182781760256,0.9959823490605759,0.08082801381920658
11.970089295202495,0.07603909569641282,0.9960103617559598,0.07944825134257705
12.196624245915755,0.0747389443215472,0.9960369476723598,0.07809189306415884
12.427115845093555,0.07346099058548353,0.996062179193736,0.07675855198450643
12.661633199366097,0.0722048577211213,0.9960861250409123,0.07544784682944754
12.900246622376669,0.07097017520703237,0.9961088504626988,0.07415940201179119
13.14302765586323,0.0697565786732773,0.9961304174264141,0.07289284759019936
13.39004909110827,0.06856370980786446,0.9961508848118138,0.07164781922575107
13.641384990763298,0.06739121626393045,0.9961703086130937,0.07042395813672994
13.897110711054466,0.06623875156555831,0.9961887420740365,0.06922091104432697
14.157302924376157,0.06510597503025477,0.996206235442138,0.06803833010733304
14.422039642279062,0.06399255169114362,0.9962228364076997,0.06687587290289841
14.691400238859847,0.06289815218365263,0.9962385903026527,0.0657332023499404
14.965465474559263,0.06182245265821307,0.9962535401956817,0.06460998665047166
15.244317520376043,0.06076513469503279,0.996267726994326,0.06350589923181614
15.528039982503586,0.059725885219599796,0.9962811895450074,0.0624206186877652
15.816717927397022,0.05870439641894165,0.9962939647306644,0.0613538287187719
16.110437907278026,0.05770036565866804,0.9963060875656771,0.06030521807128324
16.409287986085214,0.05671349540082236,0.9963175912878081,0.059274480476309004
16.713357765877674,0.055743493122569765,0.9963285074469016,0.058261314587327216
17.022738413699713,0.054790071235747737,0.9963388659901199,0.05726542391762465
17.33752268891482,0.05385294700730568,0.99634869534354,0.056286516777172065
17.657804971017015,0.052931842480660615,0.9963580224899705,0.05532430620913314
17.983681287927983,0.052026484397994996,0.9963668730429043,0.05437850992610629
18.315249344788455,0.05113660412352353,0.9963752713165797,0.053448850246198686
18.65260855325238,0.05026193756775576,0.9963832403921841,0.05253505402903183
18.995860061292877,0.04940222511278045,0.9963908021803077,0.051636852611777244
19.34510678352861,0.04855721153859908,0.9963979774798328,0.05075398174532234
19.700453432080014,0.047726645950534205,0.9964047860335383,0.04988618153066498
20.062006547964348,0.04691028170774009,0.9964112465807813,0.04903319635563625
20.429874533039076,0.046107876352841665,0.9964173769077457,0.048194774832050695
20.804167682503294,0.045319191542728426,0.996423193895843,0.047370669733382845
21.184998217966655,0.04454399298053025,0.9964287135689939,0.046560637933069776
21.572480321096037,0.04378205034880113,0.9964339511406508,0.04576444034353833
21.966730167849747,0.04303313724393803,0.9964389210615759,0.04498184185605675
22.36786596330978,0.042297031111860846,0.996443637069553,0.04421261128150936
22.776007977122323,0.041573513179126484,0.9964481122269381,0.043456521285400826
23.19127857955741,0.04086236838637856,0.9964523588711228,0.04271334832117781
23.61380227819824,0.04016338535593491,0.9964563887061899,0.041982872605194003
24.043705755271446,0.03947635630333053,0.9964602128556818,0.04126487803087558
24.481117905629304,0.0388010769764575,0.9964638418867233,0.04055915211015823
24.926169875395285,0.03813734659776931,0.9964672858354986,0.03986548591791161
25.378995101284733,0.03748496780713766,0.9964705542321899,0.03918367403676153
25.839729350612163,0.036843746605375566,0.9964736561253027,0.03851351450233573
26.30851076199746,0.03621349229843944,0.996476600105301,0.03785480874895765
26.78547988678289,0.035594017442324336,0.996479394327478,0.03720736155581425
27.27077973117371,0.03498513778866501,0.9964820465340046,0.03657098099362239
27.764555799114564,0.03438667223105676,0.9964845640751,0.03594547837181964
28.266956135914995,0.03379844275210896,0.9964869539292801,0.03533066818630415
28.77813137263669,0.03322027437124517,0.9964892227226527,0.034726368067749445
29.29823477125619,0.032651995093262595,0.9964913767472394,0.03413239873051882
29.827422270616296,0.03209343585766492,0.99649342197832,0.03354858392220487
30.365852533180025,0.03154443048878145,0.9964953640908135,0.03297475037381944
30.913686992601345,0.031004815646686036,0.9964972084747211,0.03241072775065895
31.47108990212653,0.030474430778929428,0.9964989602496864,0.03185634860387072
32.03822838384116,0.02995311807309798,0.9965006242787442,0.03131144832274499
32.61527247877698,0.02944072241021259,0.996502205181356,0.030775865087758626
33.20239519789422,0.0289370913189808,0.9965037073458562,0.03024943982439491
33.7997725739541,0.02844207493091589,0.9965051349414658,0.02973201615776537
34.40758371429756,0.02795552593633586,0.9965064919300596,0.02922344036805834
35.02601085454562,0.027477299541256203,0.9965077820779107,0.0287235613468399
35.65523941323786,0.027007253425189375,0.996509008967674,0.02823223055423215
36.29545804742507,0.026545247699864695,0.9965101760109114,0.027749301976994177
36.94685870923293,0.02609114486170172,0.996511286452482,0.027274632079778028
37.60963670341366,0.025644809755804902,0.9965123433628734,0.02680807976805788
38.283990745902784,0.025206109549477787,0.9965133496684206,0.026349506362001448
38.97012302339876,0.024774913675759205,0.9965143081551155,0.025898775538203255
39.66823925398307,0.024351093795640457,0.9965152214752728,0.02545575329098182
40.37854874879927,0.023934523761093795,0.9965160921542815,0.025020307894483628
41.10126447480916,0.02352507957854408,0.9965169225971819,0.02459230986520464
41.83660311864524,0.023122639372791128,0.9965177150950489,0.02417163192493884
42.58478515157814,0.022727083351390898,0.9965184718311612,0.023758148964164453
43.34603489561906,0.022338293769503057,0.9965191948869457,0.02335173800587767
44.12058059077659,0.021956154895213003,0.9965198862476801,0.022952278169884117
44.90865446348817,0.02158055297533605,0.9965205478079442,0.02255965063755821
45.710492796247024,0.02121137620171158,0.9965211813768136,0.02217373861708042
46.526335998444864,0.02084851467799517,0.9965217886827927,0.021794427309162766
47.356428678452254,0.02049186038695628,0.9965223713784878,0.021421603873272417
48.201019716957624,0.020141307158289615,0.9965229310450238,0.021055157394363786
49.06036234158752,0.019796750636947698,0.99652346919622,0.02069497885012901
49.934714202829845,0.019458088252002816,0.9965239872825373,0.020340961078777222
50.82433745128352,0.019125219186045827,0.9965244866948199,0.019992998747352338
51.729498816257035,0.01879804434513,0.9965249687678651,0.019650988320600003
52.650469685740106,0.018476466329267437,0.9965254347838544,0.01931482803039333
53.587526187771914,0.01816038940348609,0.9965258859756937,0.018984417845727897
54.54094927323053,0.017849719469455214,0.9965263235303183,0.01865965944329604
55.51102480006849,0.017544364037686895,0.9965267485920248,0.018340456178650426
56.498043619019455,0.017244232200321754,0.9965271622659098,0.01802671305796727
57.50230166080195,0.016949234604506456,0.9965275656214991,0.017718336710419166
58.52410002484591,0.01665928342637096,0.9965279596966694,0.017415235361167677
59.56374506956954,0.016374292338620755,0.9965283454984987,0.017117318797616302
60.62154850423211,0.01609417649439919,0.9965287239992598,0.01682449835258359
61.69782748239184,0.015818852503704288,0.9965290961453268,0.01653668687990975
62.79290469699558,0.015548238400052095,0.9965294628604799,0.016253798719756025
63.907108477129526,0.01528225361688996,0.9965298250478251,0.015975749674064933
65.04077288645982,0.015020818964286912,0.9965301835917257,0.015702456982303825
66.19423782339233,0.014763856605905993,0.9965305393597448,0.015433839297497011
67.3678491229821,0.014511290036263612,0.9965308932045923,0.015169816662552094
68.5619586606223,0.014263044058281,0.9965312459660728,0.014910310486885877
69.77692445754488,0.014019044761132528,0.9965315984730336,0.014655243523355186
71.01311078816302,0.013779219498396243,0.9965319515453046,0.014404539845498306
72.27088828928935,0.013543496866511257,0.9965323059956324,0.014158124825092194
73.55063407126099,0.013311806683547292,0.9965326626316009,0.013915925110031124
74.85273183100595,0.013084079968291213,0.9965330222575413,0.013677868602532131
76.17757196708419,0.012860248919655589,0.996533385676425,0.013443884437672705
77.52555169673798,0.012640246896414322,0.996533753691741,0.013213902962266159
78.89707517498672,0.012424008397270288,0.9965341271093564,0.012987855714080163
80.29255361580164,0.012211469041260093,0.9965345067393602,0.012765675401403923
81.71240541539744,0.012002565548500753,0.9965348933978917,0.012547295882969278
83.15705627767662,0.01179723572128359,0.9965352879089542,0.012332652148231423
84.62693934186557,0.011595418425520027,0.9965356911062176,0.01212168029801447
86.12249531237934,0.011397053572544558,0.9965361038348144,0.011914317525527433
87.64417259095492,0.011202082101279728,0.9965365269531322,0.011710502097756044
89.19242741109231,0.011010445960768183,0.9965369613346121,0.011510173337235845
90.7677239748437,0.010822088093076799,0.9965374078695566,0.011313271604211986
92.37053459199187,0.010636952416577866,0.9965378674669604,0.011119738279191202
94.00133982165913,0.010454983809586777,0.996538341056372,0.010929515745864654
95.66062861639045,0.01027612808933654,0.9965388295894063,0.010742547369150118
97.34889846875194,0.010100332003664197,0.9965393340425676,0.010558777486535362
99.06665556049094,0.009927543214319353,0.9965398554191196,0.010378151390650544
100.81441491430058,0.009757710276666295,0.996540394750648,0.010200615308065666
102.59270054823541,0.009590782624867457,0.9965409530991648,0.010026116383822293
104.40204563282387,0.009426710557241182,0.9965415315592658,0.009854602666146236
106.2429926509251,0.009265445221796904,0.9965421312603433,0.009686023091344538
108.11609356037728,0.009106938601950906,0.9965427533688568,0.009520327468890087
110.02190995948772,0.008951143502425676,0.9965433990906614,0.00935746646669709
111.9610132554125,0.008798013535336126,0.9965440696733998,0.009197391596590908
113.9339848354771,0.00864750310646575,0.9965447664089606,0.009040055199975465
115.94141624149017,0.008499567401735731,0.9965454906360071,0.008885410433701543
117.98390934710076,0.008354162373870353,0.996546243742575,0.008733411256139396
120.0620765382539,0.008211244729261625,0.9965470271687584,0.00858401241345893
122.17654089679786,0.008070771915036388,0.9965478424094699,0.008437169426120796
124.32793638729837,0.007932702106328944,0.9965486910172996,0.008292838575581732
126.51690804711514,0.007796994193762423,0.9965495746054657,0.008150976891217524
128.74411217979963,0.00766360777114187,0.9965504948508742,0.00801154213746679
131.01021655186887,0.007532503123362386,0.9965514534972901,0.007874492801199116
133.31590059301774,0.007403641214535217,0.9965524523586319,0.007739788079310647
135.66185559982722,0.007276983676335127,0.9965534933223993,0.007607387866550654
138.0487849430308,0.0071524927965720365,0.9965545783532462,0.007477252743582308
140.4774042784011,0.007030131507990122,0.9965557094967106,0.007349343965280992
142.94844176131977,0.00690986337729749,0.9965568888831138,0.00722362344927353
145.46263826509517,0.006791652594429526,0.9965581187316485,0.007100053764721604
148.02074760309256,0.006675463962049121,0.9965594013546654,0.006978598121352759
150.62353675474526,0.006561262885286769,0.9965607391621828,0.006859220358742221
153.27178609551217,0.00644901535898835,0.9965621346695445,0.006741884933008995
155.96628963085178,0.006338687960760389,0.996563590495896,0.006626556909508035
158.70785523428373,0.006230247842952772,0.9965651093673792,0.006513201954445402
161.49730488960734,0.006123662718652707,0.9965666941283144,0.006401786320283572
164.33547493735102,0.006018900852391634,0.9965683477462494,0.006292276836029379
167.22321632552652,0.0059159310509701276,0.9965700733172497,0.006184640897645507
170.1613948647618,0.005814722654392382,0.996571874071463,0.006078846458576869
173.15089148789173,0.005715245526912222,0.9965737533789614,0.0059748620203938525
176.19260251408124,0.005617470048192767,0.9965757147558739,0.005872656623554624
179.28743991756244,0.005521367104581659,0.9965777618708259,0.00577219983828851
182.4363316010647,0.0054269080805039544,0.9965798985516889,0.005673461755602576
185.64022167402194,0.005334064849974595,0.9965821287926594,0.0055764129784134165
188.90007073563754,0.005242809768232596,0.9965844567616732,0.005481024612806357
192.21685616289398,0.005153115663498858,0.9965868868081704,0.005387268259424036
195.59157240359283,0.005064955828859687,0.9965894234712228,0.005295116004986526
199.02523127451235,0.004978304014278012,0.9965920714880343,0.005204540413945059
202.518862264774,0.004893134418734289,0.9965948358028284,0.0051155145202714
206.07351284450633,0.004809421682499166,0.9965977215761338,0.00502801181938501
209.69024877889984,0.004727140879539896,0.9966007341944817,0.0049420062602200795
213.3701544477488,0.00464626751006247,0.9966038792805262,0.004857472237434442
217.11433317057202,0.004566777493191562,0.9966071627036008,0.004774384583762549
220.9239075374137,0.004488647159790254,0.996610590590724,0.004692718562514534
224.80001974542122,0.0044118532454215575,0.9966141693380635,0.004612449860223451
228.7438319413022,0.004336372883453761,0.996617905622875,0.004533554579442793
232.75652656976163,0.0042621835983116295,0.9966218064159253,0.0044560092316963725
236.83930672802708,0.004189263298875411,0.996625878994411,0.004379790730582607
240.9933965265639,0.004117590272029749,0.9966301309553857,0.0043048763850353534
245.22004145609085,0.00404714317578068,0.9966345702238381,0.0042312438921080844
249.52050876100787,0.0039779010314987175,0.9966392050587353,0.00415887132883604
253.89608781934385,0.003909843222487006,0.9966440441235769,0.004087737150976811
258.34809052934185,0.003842949484348469,0.9966490964599987,0.004017820182759932
262.8778517027961,0.0037771998986010843,0.996654371500083,0.003949099610201303
267.486729465259,0.0037125748869366055,0.9966598790856206,0.003881554975116394
272.17610566323737,0.0036490552055467138,0.996665629487957,0.003815166169202553
276.94738627850285,0.003586621939517782,0.9966716334284571,0.0037499134281917534
281.80200184963644,0.003525256497295525,0.9966779020996238,0.003685777326075265
286.741407900936,0.003464940605220747,0.9966844471869042,0.003622738769401613
291.76708537881683,0.0034056563021373637,0.9966912808912335,0.0035607789916492164
296.88054109583237,0.003347385934074008,0.9966984159523556,0.0034998795476751665
302.08330818245093,0.0032901121490003763,0.9967058656729756,0.0034400223082415044
307.3769465467234,0.003233817891659575,0.9967136439437964,0.0033811894546204274
312.76304334197914,0.0031784863984776744,0.9967217652695042,0.0033233634732798244
318.2432134426899,0.003124101192551719,0.9967302447957669,0.0032665271506505636
323.81909992864746,0.003070646078717382,0.9967390983373132,0.003210663567976891
329.49237457759557,0.0030181051386975245,0.9967483424071814,0.003155756096251421
335.2647383664661,0.0029664627263328858,0.9967579942472095,0.003101788391236069
341.13792198137236,0.0029157034628960795,0.9967680718598715,0.0030487443885703455
347.1136863365072,0.0028658122324901904,0.996778594041551,0.002996608298968434
353.1938231021054,0.002816774177533149,0.9967895804173623,0.002945364603506449
359.38015524162734,0.002768574694329124,0.9968010514776389,0.0028949980490012754
365.67453755832395,0.0027211994287281707,0.9968130286162117,0.002845493643482424
372.0788572513508,0.0026746342718753247,0.9968255341706128,0.0027968366517582563
378.59503448159205,0.0026288653560504107,0.9968385914643546,0.0027490125910780514
385.22502294736904,0.0025838790505997586,0.9968522248514354,0.0027020072268912673
391.9708104702023,0.002539661957961078,0.9968664597632465,0.0026558065687054553
398.8344195908076,0.0024962009091254395,0.9968813227494678,0.002610396865334367
405.81790817549853,0.002453482959543842,0.9968968415230922,0.0025657646006182074
412.9233700331818,0.0024114953877525987,0.996913045045297,0.0025218964920837956
420.15293554312956,0.0023702256892859947,0.9969299635523743,0.0024787794845182085
427.50877229371366,0.002329661572947722,0.9969476286116085,0.0024364007460813968
434.99308573230053,0.0022897909572654447,0.9969660731812987,0.002394747664614636
442.60811982649307,0.002250601966986763,0.9969853316732857,0.0023538078439920094
450.3561577369239,0.002212082929617332,0.9970054400180951,0.0023135691005157447
458.23952250179724,0.0021742223720019314,0.997026435732824,0.0022740194593563025
466.26057773339124,0.002137009016949242,0.9970483579918934,0.002235147151038058
474.4217283267211,0.0021004317799011418,0.9970712477008089,0.0021969406079714792
482.7254211805817,0.0020644797656472758,0.9970951475730672,0.0021593884610326434
491.174145931184,0.002029142265085688,0.9971201022103641,0.002122479536190974
499.77043569860314,0.001994408752030302,0.9971461581862612,0.002086202851186072
508.5168678462678,0.00196026888006601,0.9971733641334779,0.0020505476122544834
517.4160647537111,0.0019267124794521717,0.9972017708349927,0.0020155032109073186
526.4706946028201,0.0018937295540752946,0.9972314313191293,0.001981059220759545
535.6834721778163,0.0018613102784516757,0.9972624009588377,0.0019472053944118647
545.0571596792117,0.0018294449947807725,0.9972947375753677,0.0019139316603860041
554.5945675519786,0.001798124210050107,0.9973285015465587,0.0018812281201143225
564.2985553281843,0.0017673385931924635,0.9973637559199758,0.0018490850449845901
574.1720324843456,0.001737078972296165,0.9974005665311338,0.0018174928734408036
584.2179593137532,0.0017073363318692153,0.9974390021270666,0.001786442208140923
594.4393478140385,0.0016781018101580667,0.9974791344955084,0.0017559238131723727
604.8392625902368,0.0016493666965218202,0.9975210385999737,0.0017259286113262104
615.4208217736273,0.0016211224288626151,0.9975647927210294,0.0016964476814308013
626.1871979566168,0.001593360591113005,0.9976104786040777,0.0016674722557458973
637.1416191439592,0.001566072910781078,0.9976581816139711,0.001638993717417953
648.2873697205824,0.00153925125632074,0.997707990891546,0.0016110035977448167
659.6277914363225,0.0015128876345769377,0.997759999523094,0.0015834935735291277
671.1662844078545,0.001486974188999151,0.9978143047291732,0.0015564554652545103
682.9063081381283,0.001461503196771906,0.997871008032038,0.001529881234081861
694.851382553604,0.0014364670665333577,0.9979302154478776,0.0015037629794891938
707.005089059607,0.001411858336146959,0.9979920376880547,0.0014780929369680818
719.3710716141128,0.0013876696705028614,0.9980565903691082,0.0014528634757512856
731.9530378202917,0.0013638938593493405,0.9981239942319435,0.0014280670965719632
744.754760038131,0.001340523815154589,0.9981943753706459,0.0014036964294548823
757.7800765154745,0.0013175525709991707,0.9982678654713788,0.0013797442315400244
771.0328925388172,0.00129497327849946,0.9983446020618582,0.001356203384938986
784.5171816041968,0.001272779205762385,0.9984247287719117,0.0013330668946245914
798.2369866085422,0.0012509637353717747,0.9985083956056653,0.001310327886354101
812.1964210618232,0.0012295203624066466,0.9985957592259258,0.0012879796046264378
826.399670320376,0.0012084426924917331,0.9986869832513592,0.0012660154106738269
840.8509928417657,0.0011877244398805728,0.9987822385670952,0.0012444287804882547
855.5547214615724,0.0011673594255714687,0.9988817036494216,0.0012232133028831406
870.5152646924722,0.0011473415754566453,0.9989855649052702,0.0012023626775906433
885.7371080460094,0.001127664918504908,0.9990940170272294,0.0011818707133949924
901.2248153774566,0.0011083235849781224,0.9992072633648581,0.0011617313263022492
916.9830302541585,0.0010893118046818345,0.9993255163131186,0.0011419385377469096
933.0164773477845,0.0010706239052503334,0.9994489977187855,0.001122486472835738
949.3299638508896,0.0010522543104664888,0.9995779393057334,0.001103369358629249
965.9283809182214,0.0010341975385983278,0.9997125831197629,0.0010845815224416874
982.8167051331968,0.001016448200689965,0.9998531819853985,0.0010661173900850236
999.9999999999999,0.0009990009990009992,1.0,0.0010479714842871735
